<?xml version = '1.0' encoding = 'UTF-8'?>
<Diagram class="oracle.dbtools.crest.swingui.logical.DPVLogical" name="Logical" id="067EFFCD-ABA3-586B-CEDB-B6F543614411">
<createdBy>victor.casimiro</createdBy>
<modifiedBy>victor.casimiro</modifiedBy>
<createdTime>2025-04-07 23:44:32 UTC</createdTime>
<autoRoute>false</autoRoute>
<boxInbox>true</boxInbox>
<showLegend>false</showLegend>
<showLabels>false</showLabels>
<showRelAttributes>false</showRelAttributes>
<gridEnabled>false</gridEnabled>
<showGrid>false</showGrid>
<diagramColor>-1</diagramColor>
<display>false</display>
<notation>1</notation>
<objectViews>
<OView class="oracle.dbtools.crest.swingui.logical.TVEntity" oid="8D7CAE69-C5FF-B301-8385-27198D851A54" otype="Entity" vid="7122EFE6-DE44-5134-1A47-C22BD1815ADC">
<hideElementsInCurrentOnly>false</hideElementsInCurrentOnly>
<bounds x="22" y="70" width="194" height="102"/>
</OView>
<OView class="oracle.dbtools.crest.swingui.logical.TVEntity" oid="990B8075-4F66-670F-63E2-7EBCA6CD608A" otype="Entity" vid="E2B32C4C-EAB5-983B-8BA5-F89D257ACB7C">
<hideElementsInCurrentOnly>false</hideElementsInCurrentOnly>
<bounds x="370" y="56" width="197" height="152"/>
</OView>
</objectViews>
<connectors>
<Connector class="oracle.dbtools.crest.swingui.logical.TVRelation" oid="59BB0188-22F7-6CDB-9BA1-6B291001BE0B" otype="Relation" vid_source="7122EFE6-DE44-5134-1A47-C22BD1815ADC" vid_target="E2B32C4C-EAB5-983B-8BA5-F89D257ACB7C">
<hideElementsInCurrentOnly>false</hideElementsInCurrentOnly>
<backgroundColor>-16777216</backgroundColor>
<lineWidth>1</lineWidth>
<points>
<point x="216" y="121"/>
<point x="370" y="121"/>
</points>
</Connector>
</connectors>
</Diagram>