<?xml version = '1.0' encoding = 'UTF-8'?>
<Entity class="oracle.dbtools.crest.model.design.logical.Entity" directorySegmentName="seg_0" id="8D7CAE69-C5FF-B301-8385-27198D851A54" name="Pessoa">
<createdBy>victor.casimiro</createdBy>
<createdTime>2025-04-08 00:26:34 UTC</createdTime>
<ownerDesignName>projdb-imc</ownerDesignName>
<adequatelyNormalized>NO</adequatelyNormalized>
<expectedVolumes>0</expectedVolumes>
<fwdEngineeringStrategyName>Single Table</fwdEngineeringStrategyName>
<growthPercent>0</growthPercent>
<growthType>Year</growthType>
<maxVolumes>9999999</maxVolumes>
<minVolumes>0</minVolumes>
<normalForm>Third</normalForm>
<shortName>Pessoa</shortName>
<attributes itemClass="oracle.dbtools.crest.model.design.logical.Attribute">
<Attribute name="nomePessoa" id="0D8C61BA-7AC1-B252-2315-62D8E9140396">
<createdBy>victor.casimiro</createdBy>
<createdTime>2025-04-08 00:26:50 UTC</createdTime>
<ownerDesignName>projdb-imc</ownerDesignName>
<useDomainConstraints>false</useDomainConstraints>
<use>1</use>
<logicalDatatype>LOGDT024</logicalDatatype>
<dataTypeSize>60 CHAR</dataTypeSize>
<ownDataTypeParameters>60 CHAR,,</ownDataTypeParameters>
</Attribute>
<Attribute name="cpfPessoa" id="BC8D24D8-A3B1-3AE4-E8DD-614AFDE2D80C">
<createdBy>victor.casimiro</createdBy>
<createdTime>2025-04-28 22:35:49 UTC</createdTime>
<ownerDesignName>projdb-imc</ownerDesignName>
<nullsAllowed>true</nullsAllowed>
<use>0</use>
<ownDataTypeParameters>,,</ownDataTypeParameters>
</Attribute>
</attributes>
</Entity>