<?xml version = '1.0' encoding = 'UTF-8'?>
<Entity class="oracle.dbtools.crest.model.design.logical.Entity" directorySegmentName="seg_0" id="990B8075-4F66-670F-63E2-7EBCA6CD608A" name="inchistorico">
<createdBy>victor.casimiro</createdBy>
<createdTime>2025-04-08 00:31:16 UTC</createdTime>
<ownerDesignName>projdb-imc</ownerDesignName>
<adequatelyNormalized>NO</adequatelyNormalized>
<expectedVolumes>0</expectedVolumes>
<fwdEngineeringStrategyName>Single Table</fwdEngineeringStrategyName>
<growthPercent>0</growthPercent>
<growthType>Year</growthType>
<maxVolumes>9999999</maxVolumes>
<minVolumes>0</minVolumes>
<normalForm>Third</normalForm>
<attributes itemClass="oracle.dbtools.crest.model.design.logical.Attribute">
<Attribute name="datamedicao" id="7D02BEEA-B3BA-A13B-8A6C-A87A056F4E54">
<createdBy>victor.casimiro</createdBy>
<createdTime>2025-04-08 00:31:42 UTC</createdTime>
<ownerDesignName>projdb-imc</ownerDesignName>
<nullsAllowed>true</nullsAllowed>
<useDomainConstraints>false</useDomainConstraints>
<use>1</use>
<logicalDatatype>LOGDT008</logicalDatatype>
<ownDataTypeParameters>,,</ownDataTypeParameters>
</Attribute>
<Attribute name="PesoMedicao" id="36FE97AE-9857-3FDF-BA50-33481CE0464A">
<createdBy>victor.casimiro</createdBy>
<createdTime>2025-04-08 00:36:49 UTC</createdTime>
<ownerDesignName>projdb-imc</ownerDesignName>
<useDomainConstraints>false</useDomainConstraints>
<use>1</use>
<logicalDatatype>LOGDT021</logicalDatatype>
<dataTypePrecision>3</dataTypePrecision>
<ownDataTypeParameters>,3,</ownDataTypeParameters>
</Attribute>
<Attribute name="alturamedicao" id="4503F1EB-2A0A-FD7A-B5BA-2CEE8AA2DB2B">
<createdBy>victor.casimiro</createdBy>
<createdTime>2025-04-08 00:38:53 UTC</createdTime>
<ownerDesignName>projdb-imc</ownerDesignName>
<useDomainConstraints>false</useDomainConstraints>
<use>1</use>
<logicalDatatype>LOGDT021</logicalDatatype>
<dataTypePrecision>3</dataTypePrecision>
<ownDataTypeParameters>,3,</ownDataTypeParameters>
</Attribute>
</attributes>
</Entity>