<?xml version = '1.0' encoding = 'UTF-8'?>
<Relation class="oracle.dbtools.crest.model.design.logical.Relation" name="Relation_1" directorySegmentName="seg_0" id="59BB0188-22F7-6CDB-9BA1-6B291001BE0B">
<createdBy>victor.casimiro</createdBy>
<createdTime>2025-04-08 00:41:52 UTC</createdTime>
<ownerDesignName>projdb-imc</ownerDesignName>
<identifying>false</identifying>
<optionalSource>true</optionalSource>
<optionalTarget>false</optionalTarget>
<sourceCardinality>*</sourceCardinality>
<sourceEntity>8D7CAE69-C5FF-B301-8385-27198D851A54</sourceEntity>
<targetCardinalityString>*</targetCardinalityString>
<targetEntity>990B8075-4F66-670F-63E2-7EBCA6CD608A</targetEntity>
<transferable>true</transferable>
<deleteRule>NO ACTION</deleteRule>
</Relation>